name,email,password,phone
Ava Patel,ava.patel1@farm2fork.com,Driver@123,2265551001
Noah Singh,noah.singh2@farm2fork.com,Driver@123,2265551002
Emma Johnson,emma.johnson3@farm2fork.com,Driver@123,2265551003
Liam Brown,liam.brown4@farm2fork.com,Driver@123,2265551004
Olivia Garcia,olivia.garcia5@farm2fork.com,Driver@123,2265551005
William Martinez,william.martinez6@farm2fork.com,Driver@123,2265551006
Sophia Lee,sophia.lee7@farm2fork.com,Driver@123,2265551007
James Anderson,james.anderson8@farm2fork.com,Driver@123,2265551008
Isabella Thomas,isabella.thomas9@farm2fork.com,Driver@123,2265551009
Benjamin Taylor,benjamin.taylor10@farm2fork.com,Driver@123,2265551010
Mia Moore,mia.moore11@farm2fork.com,Driver@123,2265551011
Lucas Jackson,lucas.jackson12@farm2fork.com,Driver@123,2265551012
Charlotte White,charlotte.white13@farm2fork.com,Driver@123,2265551013
Henry Harris,henry.harris14@farm2fork.com,Driver@123,2265551014
Amelia Martin,amelia.martin15@farm2fork.com,Driver@123,2265551015
Alexander Thompson,alexander.thompson16@farm2fork.com,Driver@123,2265551016
Harper Garcia,harper.garcia17@farm2fork.com,Driver@123,2265551017
Daniel Clark,daniel.clark18@farm2fork.com,Driver@123,2265551018
Evelyn Rodriguez,evelyn.rodriguez19@farm2fork.com,Driver@123,2265551019
Michael Lewis,michael.lewis20@farm2fork.com,Driver@123,2265551020
Abigail Walker,abigail.walker21@farm2fork.com,Driver@123,2265551021
Ethan Hall,ethan.hall22@farm2fork.com,Driver@123,2265551022
Emily Allen,emily.allen23@farm2fork.com,Driver@123,2265551023
Jacob Young,jacob.young24@farm2fork.com,Driver@123,2265551024
Elizabeth King,elizabeth.king25@farm2fork.com,Driver@123,2265551025
Logan Wright,logan.wright26@farm2fork.com,Driver@123,2265551026
Avery Scott,avery.scott27@farm2fork.com,Driver@123,2265551027
Jackson Green,jackson.green28@farm2fork.com,Driver@123,2265551028
Sofia Adams,sofia.adams29@farm2fork.com,Driver@123,2265551029
Sebastian Baker,sebastian.baker30@farm2fork.com,Driver@123,2265551030
Ella Gonzalez,ella.gonzalez31@farm2fork.com,Driver@123,2265551031
Jack Nelson,jack.nelson32@farm2fork.com,Driver@123,2265551032
Scarlett Carter,scarlett.carter33@farm2fork.com,Driver@123,2265551033
Owen Mitchell,owen.mitchell34@farm2fork.com,Driver@123,2265551034
Grace Perez,grace.perez35@farm2fork.com,Driver@123,2265551035
Wyatt Roberts,wyatt.roberts36@farm2fork.com,Driver@123,2265551036
Chloe Turner,chloe.turner37@farm2fork.com,Driver@123,2265551037
Luke Phillips,luke.phillips38@farm2fork.com,Driver@123,2265551038
Victoria Campbell,victoria.campbell39@farm2fork.com,Driver@123,2265551039
Jayden Parker,jayden.parker40@farm2fork.com,Driver@123,2265551040
Lily Evans,lily.evans41@farm2fork.com,Driver@123,2265551041
David Edwards,david.edwards42@farm2fork.com,Driver@123,2265551042
Hannah Collins,hannah.collins43@farm2fork.com,Driver@123,2265551043
Joseph Stewart,joseph.stewart44@farm2fork.com,Driver@123,2265551044
Zoey Sanchez,zoey.sanchez45@farm2fork.com,Driver@123,2265551045
Matthew Morris,matthew.morris46@farm2fork.com,Driver@123,2265551046
Nora Rogers,nora.rogers47@farm2fork.com,Driver@123,2265551047
Samuel Reed,samuel.reed48@farm2fork.com,Driver@123,2265551048
Aria Cook,aria.cook49@farm2fork.com,Driver@123,2265551049
Anthony Morgan,anthony.morgan50@farm2fork.com,Driver@123,2265551050